payment_type,n,actual_rate,predicted_positive_rate,avg_score,tpr,fpr,precision
1,110921,0.011062,0.019518,0.022973,0.264059,0.016783,0.149654
0,77371,0.005299,0.004213,0.010535,0.104878,0.003677,0.131902
2,75863,0.016846,0.030212,0.030632,0.35759,0.024603,0.199389
3,35760,0.011018,0.00646,0.013898,0.13198,0.005061,0.225108
4,85,0.0,0.011765,0.011877,,0.011765,0.0
