device_os,n,actual_rate,predicted_positive_rate,avg_score,tpr,fpr,precision
2,102783,0.00538,0.00971,0.01638,0.180832,0.008784,0.1002
0,99903,0.005115,0.004985,0.011385,0.146771,0.004256,0.150602
3,78944,0.025182,0.040244,0.037638,0.31992,0.033019,0.200189
1,16180,0.014153,0.020334,0.022686,0.266376,0.016801,0.18541
4,2190,0.012785,0.005936,0.011747,0.142857,0.004163,0.307692
