source,n,actual_rate,predicted_positive_rate,avg_score,tpr,fpr,precision
0,297868,0.010998,0.016729,0.020616,0.264957,0.013968,0.174192
1,2132,0.015478,0.015009,0.02073,0.242424,0.011434,0.25
