housing_status,n,actual_rate,predicted_positive_rate,avg_score,tpr,fpr,precision
2,112096,0.006191,0.002935,0.01186,0.060519,0.002576,0.12766
1,78025,0.006165,0.003435,0.013074,0.076923,0.002979,0.13806
4,50775,0.003072,0.000492,0.007484,0.019231,0.000435,0.12
0,50690,0.037641,0.086171,0.065797,0.41195,0.073429,0.179945
3,7878,0.008632,0.003173,0.014825,0.117647,0.002177,0.32
5,466,0.002146,0.0,0.006633,0.0,0.0,
6,70,0.014286,0.0,0.006506,0.0,0.0,
