{
  "model_name": "XGBoost",
  "threshold": 0.2,
  "test_size": 300000,
  "confusion_matrix": {
    "tn": 292552,
    "fp": 4139,
    "fn": 2433,
    "tp": 876
  },
  "precision_pos": 0.17467597208374874,
  "recall_pos": 0.26473254759746145,
  "f1_pos": 0.21047573282075924,
  "accuracy": 0.9780933333333334,
  "roc_auc": 0.8766715294193799,
  "pr_auc": 0.13370229406717515
}