model,accuracy,precision,recall,f1,roc_auc,pr_auc
XGBoost,0.9885133333333334,0.3700189753320683,0.05893019038984588,0.10166840458811262,0.8766715294193799,0.13370229406717515
RandomForest,0.98673,0.20782608695652174,0.07222725899063161,0.10719892352545414,0.865031397044772,0.09982085400251382
LogReg,0.8039666666666667,0.04031870662094784,0.7355696585071019,0.07644712459562172,0.8499270485234142,0.10665215238238704
